,Tag,Name,TH,BH,Level,League,"League (builder base)",Trophies,"Trophies (builder base)",Role,"Capital Level","Total Contribution","Troops donated","Troops received"
1,#9G9Y280QJ,Calsedy,18,10,265,"Legend League","Emerald League III",5000,5002,Member,142,7338812,0,0
2,#YV88URYQ8,Superboy,18,10,234,"Legend League","Steel League III",11,3378,Co-leader,82,1732460,176,58
3,#YJGG9LVJQ,"Game Changer",18,10,249,"Legend League","Platinum League I",0,4854,Member,102,3334044,1797,326
4,#9C8VGLCR0,Hijabi_Princess,18,10,232,"Legend League","Titanium League III",0,3956,Elder,91,2315492,1800,592
5,#8U09GPLRU,"Night fury",18,10,273,"Legend League","Platinum League III",0,4521,Co-leader,106,3735994,3939,2863
6,#8QYU80UCC,"LeGeNd IORI",18,10,283,"Electro League 33","Platinum League III",15,4547,Elder,121,5239284,926,1023
7,#PG9U0CV2J,Calpis,18,10,226,"Electro League 33","Emerald League III",12,5000,Member,93,2528900,112,301
8,#R2PPV8CL,Waki,18,10,273,"Electro League 33","Steel League I",0,3623,Leader,87,2022174,1423,1125
9,#YCPJ9UYG,Potetsalat,18,10,266,"Electro League 33","Platinum League I",0,4904,Elder,102,3330890,523,348
10,#28QP0RUL0,Brazy.,18,10,222,"Electro League 33","Titanium League I",0,4219,Member,93,2487648,805,1943
11,#8RYPUYCP8,Magic,18,10,278,"Electro League 33","Platinum League III",0,4576,Member,83,1780520,59,0
12,#2UUJGLL8R,Acorn,18,10,256,"Electro League 32","Platinum League II",93,4642,Member,147,7837133,174,350
13,#2LR28L0J,Craxix,18,10,250,"Electro League 32","Emerald League III",0,5000,Member,123,5474543,0,0
14,#J9V9GR,AstonishGaming,18,10,258,"Electro League 31","Iron League II",0,2937,Elder,105,3651728,834,844
15,#8YUYULG0V,Pulkit,18,10,249,"Dragon League 29","Platinum League I",23,4809,Elder,91,2386626,344,932
16,#8P89L9VG2,DHRUV,18,10,258,"Dragon League 28","Titanium League I",20,4238,Member,93,2491267,397,642
17,#QY088898,"War Chantu",18,10,243,"Dragon League 28","Brass League II",0,2255,Elder,123,5402745,0,0
18,#29RL9PY8U,Cxlvxn187,18,10,246,"Dragon League 28","Platinum League III",0,4486,Member,88,2148612,380,552
19,#2CU0J8C8L,bukoy,18,10,211,"Titan League 26","Steel League III",0,3318,Member,29,188730,0,58
20,#28UG0U0Q,bísq,18,10,249,"Titan League 26","Steel League III",0,3394,Member,83,1745592,205,85
21,#PGGUP02C9,Caliber,15,9,221,"Witch League 18","Iron League I",0,3097,Co-leader,97,2876376,200,498
22,#QJ02JYYQR,Superdogg,13,3,79,"Wizard League 11","Wood League IV",0,148,Co-leader,8,35000,0,72
23,#GVC9JQQQP,Sigtryggr,11,4,66,"Barbarian League 6","Clay League V",0,553,Co-leader,55,599315,0,66
24,#9V2VQRCV,Osiris,13,7,165,Unranked,"Brass League I",0,2465,Elder,0,0,0,0
25,#2PVGLGLR,"Leoclasher,Ph.D",18,10,250,Unranked,"Steel League III",0,3381,Member,88,2102161,0,0
26,#2YVYCQPYY,"i'm Astonish",17,9,212,Unranked,"Iron League II",0,2828,Member,79,1554995,290,275
27,#LU8CGYG09,"Shohel Rana",17,10,183,Unranked,"Brass League I",0,2590,Member,68,999884,592,0
