Tag,Name,"Date last war","Average TH","Attack: count","Attack: Average TH of targets","Attack: Average Stars","Attack: 3 Stars Count","Attack: % of 3 Stars","Attack: 2 Stars Count","Attack: % of 2 Stars","Attack: 1 Star Count","Attack: % of 1 Star","Attack: 0 Star Count","Attack: % of 0 Star","Attack: Miss attacks","Attack: % of Miss attacks","Defense: count","Defense: Average TH","Defense: Average Stars","Defense: 3 Stars Count","Defense: % of 3 Stars","Defense: 2 Stars Count","Defense: % of 2 Stars","Defense: 1 Star Count","Defense: % of 1 Star","Defense: 0 Star Count","Defense: % of 0 Star"
#R2PPV8CL,Waki,2026-08-27,18.00,98,17.89,2.96,94,95.92,4,4.08,0,0.00,0,0.00,4,3.92,115,17.95,2.15,47,40.87,40,34.78,26,22.61,2,1.74
#2YVPP8PL,Raspberri,2026-08-27,16.58,22,15.64,2.86,20,90.91,1,4.55,1,4.55,0,0.00,2,8.33,13,16.69,2.54,8,61.54,4,30.77,1,7.69,0,0.00
#8Y99LCLQ,"juna the great",2026-08-27,17.27,60,17.63,2.83,52,86.67,6,10.00,2,3.33,0,0.00,0,0.00,43,17.47,2.53,29,67.44,8,18.60,6,13.95,0,0.00
#28QP0RUL0,Brazy.,2026-08-27,17.79,92,17.70,2.83,78,84.78,12,13.04,2,2.17,0,0.00,13,12.38,78,17.54,2.59,54,69.23,18,23.08,4,5.13,2,2.56
#YCPJ9UYG,Potetsalat,2026-08-27,18.00,101,17.86,2.80,85,84.16,12,11.88,4,3.96,0,0.00,10,9.01,88,17.90,2.45,45,51.14,38,43.18,5,5.68,0,0.00
#YJGG9LVJQ,"Game Changer",2026-08-27,17.87,88,17.80,2.78,74,84.09,11,12.50,1,1.14,2,2.27,2,2.22,75,17.81,2.44,41,54.67,26,34.67,8,10.67,0,0.00
#8U09GPLRU,"Night fury",2026-08-27,18.00,112,17.99,2.74,88,78.57,19,16.96,5,4.46,0,0.00,1,0.88,97,17.96,2.54,59,60.82,31,31.96,7,7.22,0,0.00
#8VQJ0Q2YP,"Ziad El_Giar",2026-08-27,18.00,94,17.97,2.72,72,76.60,19,20.21,2,2.13,1,1.06,10,9.62,136,17.82,2.22,60,44.12,46,33.82,30,22.06,0,0.00
#PG9U0CV2J,Calpis,2026-08-27,18.00,83,17.82,2.73,63,75.90,18,21.69,2,2.41,0,0.00,14,14.43,80,17.83,2.40,45,56.25,23,28.75,11,13.75,1,1.25
#J9V9GR,AstonishGaming,2026-08-25,18.00,83,17.98,2.67,61,73.49,17,20.48,5,6.02,0,0.00,12,12.63,83,17.96,2.30,37,44.58,35,42.17,10,12.05,1,1.20
#8929PCL,JayDogg,2026-08-27,18.00,46,17.72,2.52,32,69.57,6,13.04,8,17.39,0,0.00,4,8.00,35,17.77,2.40,22,62.86,5,14.29,8,22.86,0,0.00
#2LR28L0J,Craxix,2026-05-02,18.00,6,18.00,2.67,4,66.67,2,33.33,0,0.00,0,0.00,4,40.00,12,17.83,2.25,3,25.00,9,75.00,0,0.00,0,0.00
#2R8P92JYP,Blaze,2026-08-02,18.00,33,17.88,2.61,20,60.61,13,39.39,0,0.00,0,0.00,3,8.33,30,17.93,2.17,12,40.00,11,36.67,7,23.33,0,0.00
#Y0QQYJ08,"✨Mr Epyk✨",2026-08-23,18.00,10,18.00,2.60,6,60.00,4,40.00,0,0.00,0,0.00,2,16.67,7,18.00,2.86,6,85.71,1,14.29,0,0.00,0,0.00
#8YUYULG0V,Pulkit,2026-08-27,18.00,37,17.92,2.49,22,59.46,11,29.73,4,10.81,0,0.00,9,19.57,31,17.94,2.58,20,64.52,9,29.03,2,6.45,0,0.00
#9G9Y280QJ,Calsedy,2026-08-27,18.00,60,17.98,2.35,34,56.67,13,21.67,13,21.67,0,0.00,8,11.76,62,17.97,2.47,35,56.45,21,33.87,6,9.68,0,0.00
#2UUJGLL8R,Acorn,2026-08-27,18.00,67,17.97,2.31,33,49.25,22,32.84,12,17.91,0,0.00,9,11.84,54,17.96,2.69,40,74.07,11,20.37,3,5.56,0,0.00
#8QYU80UCC,"LeGeNd IORI",2026-07-28,18.00,42,17.90,2.17,15,35.71,21,50.00,4,9.52,2,4.76,3,6.67,41,17.88,2.49,24,58.54,13,31.71,4,9.76,0,0.00
#9P0Y0GU02,gobinda,2026-08-27,18.00,40,17.85,2.08,11,27.50,21,52.50,8,20.00,0,0.00,2,4.76,35,17.94,2.54,19,54.29,16,45.71,0,0.00,0,0.00
#Y9CCQVPQV,Yuki,2026-08-17,13.75,8,16.63,1.75,1,12.50,4,50.00,3,37.50,0,0.00,0,0.00,6,13.67,2.50,4,66.67,1,16.67,1,16.67,0,0.00
#LUV8J0Q8L,killerboy,2026-08-27,17.75,1,15.00,2.00,0,0.00,1,100.00,0,0.00,0,0.00,7,87.50,5,17.60,2.80,4,80.00,1,20.00,0,0.00,0,0.00
#PGGUP02C9,Caliber,2026-07-24,15.00,2,18.00,1.50,0,0.00,1,50.00,1,50.00,0,0.00,2,50.00,2,18.00,3.00,2,100.00,0,0.00,0,0.00,0,0.00
#L29YQPYPC,aaditya,2026-07-20,16.00,5,15.60,1.40,0,0.00,2,40.00,3,60.00,0,0.00,7,58.33,9,16.78,2.56,6,66.67,2,22.22,1,11.11,0,0.00
#2CU0J8C8L,bukoy,2026-08-21,18.00,0,0.00,0.00,0,0.00,0,0.00,0,0.00,0,0.00,6,100.00,3,17.33,3.00,3,100.00,0,0.00,0,0.00,0,0.00
#2PVGLGLR,"Leoclasher,Ph.D",2026-06-01,18.00,0,0.00,0.00,0,0.00,0,0.00,0,0.00,0,0.00,4,100.00,2,17.00,3.00,2,100.00,0,0.00,0,0.00,0,0.00
